,name,fullname,shift,div,siz,dnaApos,taxonid,realm1,realm2,realm3,realm4,realm5,Ori,Ter,leading1,lagging1,lagging2,leading2,dist_dnaA_ori,frac_co_orient,median_dist_ori_rrna
0,NZ_CP064367.1,"NZ_CP064367.1 Neisseria meningitidis strain PartJ-Nmeningitidis-RM8376 chromosome, complete genome",-983196,0.536015,2181326,954909,487,Bacteria,Proteobacteria,Betaproteobacteria,Neisseriales,Neisseriaceae,1198131,186028,"[1, 186028)","[186028, 1198131)",,"[1198131, 2181326]",243222.0,1.0,218643.5
1,NZ_CP064364.1,"NZ_CP064364.1 Streptococcus pyogenes strain PartK-Spyogenes-RM8376 chromosome, complete genome",-316236,0.527341,1914862,1631231,1314,Bacteria,Terrabacteria group,Firmicutes,Bacilli,Lactobacillales,1598627,693550,"[1, 693550)","[693550, 1598627)",,"[1598627, 1914862]",32604.0,1.0,168560.5
2,NZ_CP064359.1,"NZ_CP064359.1 Staphylococcus epidermidis strain PartG-Sepidermidis-RM8376 chromosome, complete genome",25482,0.44306,2504457,2485393,1282,Bacteria,Terrabacteria group,Firmicutes,Bacilli,Bacillales,25483,1135108,"[25483, 1135108)","[1, 25483)","[1135108, 2504457]",,44547.0,1.0,474021.0
3,NZ_CP064365.1,"NZ_CP064365.1 Staphylococcus aureus strain PartF-Saureus-RM8376 chromosome, complete genome",1048228,0.484469,2755071,1037367,1280,Bacteria,Terrabacteria group,Firmicutes,Bacilli,Bacillales,1048229,2382975,"[1048229, 2382975)","[1, 1048229)","[2382975, 2755071]",,10862.0,1.0,542225.0
4,NZ_CP064373.1,"NZ_CP064373.1 Listeria monocytogenes strain PartR-Lmonocytogenes-RM8376 chromosome, complete genome",-376216,0.494331,2950982,2580505,1639,Bacteria,Terrabacteria group,Firmicutes,Bacilli,Bacillales,2574767,1082547,"[1, 1082547)","[1082547, 2574767)",,"[2574767, 2950982]",5738.0,1.0,380547.5
5,NZ_CP094929.1,"NZ_CP094929.1 Sphaerochaeta associata strain GLS2T chromosome, complete genome",10460,0.469686,3554902,1,1129264,Bacteria,Spirochaetes,Spirochaetia,Spirochaetales,Sphaerochaetaceae,10461,1680149,"[10461, 1680149)","[1, 10461)","[1680149, 3554902]",,10460.0,1.0,1388877.0
6,NZ_CP064363.1,"NZ_CP064363.1 Salmonella enterica subsp. arizonae strain PartD-Sarizonae-RM8376 chromosome, complete genome",-1977438,0.494559,4482095,2486447,59203,Bacteria,Proteobacteria,Gammaproteobacteria,Enterobacterales,Enterobacteriaceae,2504658,239223,"[1, 239223)","[239223, 2504658)",,"[2504658, 4482095]",18211.0,1.0,306367.0
7,NZ_CP094930.1,"NZ_CP094930.1 Bacillus velezensis strain GUIA chromosome, complete genome",-65179,0.495292,3929583,1,492670,Bacteria,Terrabacteria group,Firmicutes,Bacilli,Bacillales,3864405,1881113,"[1, 1881113)","[1881113, 3864405)",,"[3864405, 3929583]",65179.0,1.0,226715.0
8,NZ_CP094940.1,"NZ_CP094940.1 Klebsiella pneumoniae strain FK1979 chromosome, complete genome",20804,0.490922,5322983,5322916,573,Bacteria,Proteobacteria,Gammaproteobacteria,Enterobacterales,Enterobacteriaceae,20805,2633974,"[20805, 2633974)","[1, 20805)","[2633974, 5322983]",,20872.0,1.0,369625.5
9,NZ_AP025667.1,NZ_AP025667.1 Streptomyces seoulensis strain HEK131 chromosome,3208086,0.571485,6542273,83747,73044,Bacteria,Terrabacteria group,Actinobacteria,Actinomycetia,Streptomycetales,3208087,404625,"[1, 404625)","[404625, 3208087)",,"[3208087, 6542273]",3124340.0,0.16666666666666666,2124983.0
10,NZ_CP064374.1,"NZ_CP064374.1 Enterococcus faecalis strain PartL-Efaecalis-RM8376 chromosome, complete genome",763073,0.49416,2866947,784991,1351,Bacteria,Terrabacteria group,Firmicutes,Bacilli,Lactobacillales,763074,2179805,"[763074, 2179805)","[1, 763074)","[2179805, 2866947]",,21917.0,1.0,335876.0
11,NZ_CP094998.1,"NZ_CP094998.1 Synechocystis sp. PCC 6803 substr. GT-T chromosome, complete genome",63,0.657784,3569928,1350397,1148,Bacteria,Terrabacteria group,Cyanobacteria/Melainabacteria group,Cyanobacteria,Synechococcales,64,2348306,"[64, 2348306)","[1, 64)","[2348306, 3569928]",,1350333.0,0.5,682986.0
12,NZ_CP094971.1,"NZ_CP094971.1 Clostridium sp. BJN0001 chromosome, complete genome",-41514,0.522673,2688790,2688735,2930219,Bacteria,Terrabacteria group,Firmicutes,Clostridia,Eubacteriales,2647277,1363845,"[1, 1363845)","[1363845, 2647277)",,"[2647277, 2688790]",41458.0,1.0,156837.0
13,NZ_CP064379.1,"NZ_CP064379.1 Vibrio furnissii strain PartQ-Vfurnissii-RM8376 chromosome 1, complete sequence",-1545342,0.506252,3275679,1737052,29494,Bacteria,Proteobacteria,Gammaproteobacteria,Vibrionales,Vibrionaceae,1730338,112978,"[1, 112978)","[112978, 1730338)",,"[1730338, 3275679]",6714.0,1.0,207345.0
14,NZ_CP094984.1,"NZ_CP094984.1 Arthrobacter sp. zg-Y462 chromosome, complete genome",1109,0.519449,3464000,336,2886936,Bacteria,Terrabacteria group,Actinobacteria,Actinomycetia,Micrococcales,1110,1800481,"[1110, 1800481)","[1, 1110)","[1800481, 3464000]",,774.0,1.0,533664.0
15,NZ_CP094999.1,"NZ_CP094999.1 Klebsiella michiganensis strain fxq chromosome, complete genome",39061,0.495225,6154539,1,1134687,Bacteria,Proteobacteria,Gammaproteobacteria,Enterobacterales,Enterobacteriaceae,39062,3086944,"[39062, 3086944)","[1, 39062)","[3086944, 6154539]",,39061.0,1.0,431739.5
16,NZ_CP064382.1,"NZ_CP064382.1 Aeromonas hydrophila strain PartN-Ahydrophila-RM8376 chromosome, complete genome",316480,0.499133,4733719,330392,644,Bacteria,Proteobacteria,Gammaproteobacteria,Aeromonadales,Aeromonadaceae,316481,2679236,"[316481, 2679236)","[1, 316481)","[2679236, 4733719]",,13911.0,1.0,307433.5
17,NZ_CP064368.1,"NZ_CP064368.1 Klebsiella pneumoniae strain PartO-Kpneumoniae-RM8376 chromosome, complete genome",-2098687,0.480947,5303035,3161936,573,Bacteria,Proteobacteria,Gammaproteobacteria,Enterobacterales,Enterobacteriaceae,3204349,451793,"[1, 451793)","[451793, 3204349)",,"[3204349, 5303035]",42413.0,1.0,374681.0
18,NZ_CP094997.1,"NZ_CP094997.1 Dyadobacter sp. LJ419 chromosome, complete genome",-1833063,0.48957,7171766,130,2906456,Bacteria,FCB group,Bacteroidetes/Chlorobi group,Bacteroidota,Cytophagia,5338704,1678019,"[1, 1678019)","[1678019, 5338704)",,"[5338704, 7171766]",1833192.0,0.6666666666666666,232581.0
19,NZ_CP064389.1,"NZ_CP064389.1 Staphylococcus aureus strain PartE-Saureus-RM8376 chromosome, complete genome",-53746,0.496809,2964114,2946573,1280,Bacteria,Terrabacteria group,Firmicutes,Bacilli,Bacillales,2910369,1418854,"[1, 1418854)","[1418854, 2910369)",,"[2910369, 2964114]",36204.0,1.0,617217.0
20,NZ_CP064378.1,"NZ_CP064378.1 Legionella pneumophila subsp. pneumophila strain PartS-Lpneumophila-RM8376 chromosome, complete genome",-871401,0.536255,3409193,2609638,91891,Bacteria,Proteobacteria,Gammaproteobacteria,Legionellales,Legionellaceae,2537793,956797,"[1, 956797)","[956797, 2537793)",,"[2537793, 3409193]",71845.0,1.0,368582.0
21,NZ_CP094987.1,"NZ_CP094987.1 Shigella flexneri strain 3160_NCHU22 chromosome, complete genome",-84582,0.538006,4627899,1,623,Bacteria,Proteobacteria,Gammaproteobacteria,Enterobacterales,Enterobacteriaceae,4543318,2405256,"[1, 2405256)","[2405256, 4543318)",,"[4543318, 4627899]",84582.0,1.0,405263.0
22,NZ_CP064375.1,"NZ_CP064375.1 Acinetobacter baumannii strain PartI-Abaumannii-RM8376 isolate ATCC isolate chromosome, complete genome",1140710,0.521328,3980878,1133391,470,Bacteria,Proteobacteria,Gammaproteobacteria,Moraxellales,Moraxellaceae,1140711,3216054,"[1140711, 3216054)","[1, 1140711)","[3216054, 3980878]",,7320.0,1.0,367269.0
23,NZ_CP064385.1,"NZ_CP064385.1 Salmonella enterica subsp. enterica strain PartC-Senterica-RM8376 chromosome, complete genome",-2032933,0.499013,4857491,2790658,59201,Bacteria,Proteobacteria,Gammaproteobacteria,Enterobacterales,Enterobacteriaceae,2824559,391019,"[1, 391019)","[391019, 2824559)",,"[2824559, 4857491]",33901.0,1.0,315750.0
24,NZ_CP069062.1,"NZ_CP069062.1 Mycobacterium tuberculosis strain N0069 chromosome, complete genome",-104743,0.502044,4419190,4418856,1773,Bacteria,Terrabacteria group,Actinobacteria,Actinomycetia,Corynebacteriales,4314448,2113886,"[1, 2113886)","[2113886, 4314448)",,"[4314448, 4419190]",104408.0,1.0,1582039.0
25,NZ_CP064387.1,"NZ_CP064387.1 Escherichia coli O104:H4 strain PartB-EcoliO104H4-RM8376 chromosome, complete genome",-1722269,0.50339,5302904,3607424,1038927,Bacteria,Proteobacteria,Gammaproteobacteria,Enterobacterales,Enterobacteriaceae,3580636,947161,"[1, 947161)","[947161, 3580636)",,"[3580636, 5302904]",26788.0,1.0,312357.0
26,NZ_CP064383.1,"NZ_CP064383.1 Escherichia coli O157:H7 strain PartA-EcoliO157H7-RM8376 chromosome, complete genome",-1191394,0.513527,5564631,4356890,83334,Bacteria,Proteobacteria,Gammaproteobacteria,Enterobacterales,Enterobacteriaceae,4373238,1666195,"[1, 1666195)","[1666195, 4373238)",,"[4373238, 5564631]",16348.0,1.0,330645.0
27,NZ_CP064377.1,"NZ_CP064377.1 Achromobacter xylosoxidans strain PartM-Axylosoxidans-RM8376 chromosome, complete genome",-667383,0.520832,6813184,6089990,85698,Bacteria,Proteobacteria,Betaproteobacteria,Burkholderiales,Alcaligenaceae,6145802,2881142,"[1, 2881142)","[2881142, 6145802)",,"[6145802, 6813184]",55812.0,1.0,1579825.0
28,NZ_CP064391.1,"NZ_CP064391.1 Pseudomonas aeruginosa strain PartH-Paeruginosa-RM8376 chromosome, complete genome",-985415,0.493132,6263668,5225112,287,Bacteria,Proteobacteria,Gammaproteobacteria,Pseudomonadales,Pseudomonadaceae,5278254,2103401,"[1, 2103401)","[2103401, 5278254)",,"[5278254, 6263668]",53142.0,1.0,858621.0
29,NZ_CP069065.1,"NZ_CP069065.1 Mycobacterium tuberculosis strain N0091 chromosome, complete genome",-101238,0.494108,4387550,4387216,1773,Bacteria,Terrabacteria group,Actinobacteria,Actinomycetia,Corynebacteriales,4286313,2066687,"[1, 2066687)","[2066687, 4286313)",,"[4286313, 4387550]",100903.0,1.0,1573708.0
30,NZ_CP069068.1,"NZ_CP069068.1 Mycobacterium tuberculosis strain N1272 chromosome, complete genome",-88562,0.501327,4420831,4420497,1773,Bacteria,Terrabacteria group,Actinobacteria,Actinomycetia,Corynebacteriales,4332270,2127721,"[1, 2127721)","[2127721, 4332270)",,"[4332270, 4420831]",88227.0,1.0,1569732.0
31,NZ_CP069070.1,"NZ_CP069070.1 Mycobacterium tuberculosis strain N1283 chromosome, complete genome",-55453,0.585748,4419494,4419160,1773,Bacteria,Terrabacteria group,Actinobacteria,Actinomycetia,Corynebacteriales,4364042,2533258,"[1, 2533258)","[2533258, 4364042)",,"[4364042, 4419494]",55118.0,1.0,1528628.0
32,NZ_CP069069.1,"NZ_CP069069.1 Mycobacterium tuberculosis strain N1176 chromosome, complete genome",-83967,0.497219,4425206,4424872,1773,Bacteria,Terrabacteria group,Actinobacteria,Actinomycetia,Corynebacteriales,4341240,2116331,"[1, 2116331)","[2116331, 4341240)",,"[4341240, 4425206]",83632.0,1.0,1563516.0
33,NZ_CP069066.1,"NZ_CP069066.1 Mycobacterium tuberculosis strain N1201 chromosome, complete genome",-104365,0.508936,4386428,4386094,1773,Bacteria,Terrabacteria group,Actinobacteria,Actinomycetia,Corynebacteriales,4282064,2128047,"[1, 2128047)","[2128047, 4282064)",,"[4282064, 4386428]",104030.0,1.0,1579146.0
34,NZ_CP069067.1,"NZ_CP069067.1 Mycobacterium tuberculosis strain N1268 chromosome, complete genome",-86932,0.500049,4428968,4428634,1773,Bacteria,Terrabacteria group,Actinobacteria,Actinomycetia,Corynebacteriales,4342037,2127770,"[1, 2127770)","[2127770, 4342037)",,"[4342037, 4428968]",86597.0,1.0,1569261.0
35,NZ_CP064376.1,"NZ_CP064376.1 Shigella sonnei strain PartP-Ssonnei-RM8376 chromosome, complete genome",-848370,0.442951,4917055,4090109,624,Bacteria,Proteobacteria,Gammaproteobacteria,Enterobacterales,Enterobacteriaceae,4068686,1329645,"[1, 1329645)","[1329645, 4068686)",,"[4068686, 4917055]",21423.0,1.0,501170.0
36,NZ_CP069064.1,"NZ_CP069064.1 Mycobacterium tuberculosis strain N1202 chromosome, complete genome",-102293,0.506017,4391568,4391234,1773,Bacteria,Terrabacteria group,Actinobacteria,Actinomycetia,Corynebacteriales,4289276,2119916,"[1, 2119916)","[2119916, 4289276)",,"[4289276, 4391568]",101958.0,1.0,1576893.0
37,NZ_CP069071.1,"NZ_CP069071.1 Mycobacterium tuberculosis strain N0136 chromosome, complete genome",-91312,0.499344,4395561,4395227,1773,Bacteria,Terrabacteria group,Actinobacteria,Actinomycetia,Corynebacteriales,4304250,2103586,"[1, 2103586)","[2103586, 4304250)",,"[4304250, 4395561]",90977.0,1.0,1564300.0
38,NZ_CP069063.1,"NZ_CP069063.1 Mycobacterium tuberculosis strain N3913 chromosome, complete genome",-108829,0.504543,4408016,4407682,1773,Bacteria,Terrabacteria group,Actinobacteria,Actinomycetia,Corynebacteriales,4299188,2115206,"[1, 2115206)","[2115206, 4299188)",,"[4299188, 4408016]",108494.0,1.0,1585563.0
39,NZ_CP078521.1,"NZ_CP078521.1 Staphylococcus aureus strain ATCC 29213 chromosome, complete genome",6431,0.5019,2762076,545,1280,Bacteria,Terrabacteria group,Firmicutes,Bacilli,Bacillales,6432,1392718,"[6432, 1392718)","[1, 6432)","[1392718, 2762076]",,5887.0,1.0,536209.5
40,NZ_CP069075.1,"NZ_CP069075.1 Mycobacterium tuberculosis strain N0004 chromosome, complete genome",-108742,0.502531,4422215,4421881,1773,Bacteria,Terrabacteria group,Actinobacteria,Actinomycetia,Corynebacteriales,4313474,2113559,"[1, 2113559)","[2113559, 4313474)",,"[4313474, 4422215]",108407.0,1.0,1585006.0
41,NZ_CP069076.1,"NZ_CP069076.1 Mycobacterium tuberculosis strain N0031 chromosome, complete genome",-93432,0.501919,4399031,4398697,1773,Bacteria,Terrabacteria group,Actinobacteria,Actinomycetia,Corynebacteriales,4305600,2114526,"[1, 2114526)","[2114526, 4305600)",,"[4305600, 4399031]",93097.0,1.0,1565534.0
42,NZ_CP069074.1,"NZ_CP069074.1 Mycobacterium tuberculosis strain N1274 chromosome, complete genome",-113128,0.503953,4438445,4438111,1773,Bacteria,Terrabacteria group,Actinobacteria,Actinomycetia,Corynebacteriales,4325318,2123641,"[1, 2123641)","[2123641, 4325318)",,"[4325318, 4438445]",112793.0,1.0,1590243.0
43,NZ_CP069073.1,"NZ_CP069073.1 Mycobacterium tuberculosis strain N0054 chromosome, complete genome",-111191,0.503352,4431517,4431183,1773,Bacteria,Terrabacteria group,Actinobacteria,Actinomycetia,Corynebacteriales,4320327,2119423,"[1, 2119423)","[2119423, 4320327)",,"[4320327, 4431517]",110856.0,1.0,1590220.0
44,NZ_CP069072.1,"NZ_CP069072.1 Mycobacterium tuberculosis strain N1216 chromosome, complete genome",-96415,0.504373,4393015,4392681,1773,Bacteria,Terrabacteria group,Actinobacteria,Actinomycetia,Corynebacteriales,4296601,2119304,"[1, 2119304)","[2119304, 4296601)",,"[4296601, 4393015]",96080.0,1.0,1571433.0
45,NZ_CP069078.1,"NZ_CP069078.1 Mycobacterium tuberculosis strain N0157 chromosome, complete genome",-89744,0.499817,4410120,4409786,1773,Bacteria,Terrabacteria group,Actinobacteria,Actinomycetia,Corynebacteriales,4320377,2114510,"[1, 2114510)","[2114510, 4320377)",,"[4320377, 4410120]",89409.0,1.0,1559302.0
46,NZ_CP069077.1,"NZ_CP069077.1 Mycobacterium tuberculosis strain N0072 chromosome, complete genome",-96578,0.501269,4420470,4420136,1773,Bacteria,Terrabacteria group,Actinobacteria,Actinomycetia,Corynebacteriales,4323893,2119268,"[1, 2119268)","[2119268, 4323893)",,"[4323893, 4420470]",96243.0,1.0,1574446.0
47,NZ_CP050148.1,"NZ_CP050148.1 Pseudomonas aeruginosa strain AA43 chromosome, complete genome",117229,0.482319,6277300,1,287,Bacteria,Proteobacteria,Gammaproteobacteria,Pseudomonadales,Pseudomonadaceae,117230,3144891,"[117230, 3144891)","[1, 117230)","[3144891, 6277300]",,117229.0,1.0,859819.0
48,NZ_CP050147.1,"NZ_CP050147.1 Pseudomonas aeruginosa strain A5803 chromosome, complete genome",108528,0.478928,6892014,1,287,Bacteria,Proteobacteria,Gammaproteobacteria,Pseudomonadales,Pseudomonadaceae,108529,3409307,"[108529, 3409307)","[1, 108529)","[3409307, 6892014]",,108528.0,1.0,888810.0
49,NZ_CP091507.1,"NZ_CP091507.1 Uruburuella suis strain 1258/02 chromosome, complete genome",51472,0.523811,2729984,484687,252130,Bacteria,Proteobacteria,Betaproteobacteria,Neisseriales,Neisseriaceae,51473,1481469,"[51473, 1481469)","[1, 51473)","[1481469, 2729984]",,433214.0,1.0,410571.0
50,NZ_CP091522.1,"NZ_CP091522.1 Neisseria sp. Dent CA1/247 chromosome, complete genome",-78659,0.508999,2749211,349809,2912675,Bacteria,Proteobacteria,Betaproteobacteria,Neisseriales,Neisseriaceae,2670553,1320688,"[1, 1320688)","[1320688, 2670553)",,"[2670553, 2749211]",428467.0,0.75,449202.0
51,NZ_CP064772.1,"NZ_CP064772.1 Staphylococcus aureus strain TCH32767 chromosome, complete genome",-1256609,0.492371,2832380,1600704,1280,Bacteria,Terrabacteria group,Firmicutes,Bacilli,Bacillales,1575772,137974,"[1, 137974)","[137974, 1575772)",,"[1575772, 2832380]",24932.0,1.0,594607.0
52,NZ_CP086066.1,"NZ_CP086066.1 Enterococcus casseliflavus strain ECB140 chromosome, complete genome",21439,0.499049,3784640,1,37734,Bacteria,Terrabacteria group,Firmicutes,Bacilli,Lactobacillales,21440,1910161,"[21440, 1910161)","[1, 21440)","[1910161, 3784640]",,21439.0,1.0,648451.0
53,NZ_CP074348.1,"NZ_CP074348.1 Bacillus velezensis strain SW5 chromosome, complete genome",-69162,0.482003,4129418,101,492670,Bacteria,Terrabacteria group,Firmicutes,Bacilli,Bacillales,4060257,1921231,"[1, 1921231)","[1921231, 4060257)",,"[4060257, 4129418]",69262.0,1.0,230790.0
54,NZ_CP058353.1,"NZ_CP058353.1 Serratia marcescens strain ESE2014 chromosome, complete genome",44194,0.495691,5009740,50664,615,Bacteria,Proteobacteria,Gammaproteobacteria,Enterobacterales,Yersiniaceae,44195,2527478,"[44195, 2527478)","[1, 44195)","[2527478, 5009740]",,6469.0,1.0,338404.0
55,NZ_CP058671.1,"NZ_CP058671.1 Salmonella enterica strain MS114 chromosome, complete genome",-886985,0.493188,4826039,3938535,28901,Bacteria,Proteobacteria,Gammaproteobacteria,Enterobacterales,Enterobacteriaceae,3939055,1493161,"[1, 1493161)","[1493161, 3939055)",,"[3939055, 4826039]",520.0,1.0,345722.0
56,NZ_CP068018.1,"NZ_CP068018.1 Salmonella enterica strain 1722 chromosome, complete genome",-218865,0.504238,5022310,4792745,28901,Bacteria,Proteobacteria,Gammaproteobacteria,Enterobacterales,Enterobacteriaceae,4803446,2313576,"[1, 2313576)","[2313576, 4803446)",,"[4803446, 5022310]",10701.0,1.0,370947.0
57,NZ_CP064768.1,"NZ_CP064768.1 Klebsiella pneumoniae subsp. pneumoniae strain HS20R14 chromosome, complete genome",103018,0.481481,5382057,1,72407,Bacteria,Proteobacteria,Gammaproteobacteria,Enterobacterales,Enterobacteriaceae,103019,2694377,"[103019, 2694377)","[1, 103019)","[2694377, 5382057]",,103018.0,1.0,378343.0
58,NZ_CP050149.1,NZ_CP050149.1 Pseudomonas aeruginosa strain CHA chromosome,120844,0.481471,6536045,401,287,Bacteria,Proteobacteria,Gammaproteobacteria,Pseudomonadales,Pseudomonadaceae,120845,3267761,"[120845, 3267761)","[1, 120845)","[3267761, 6536045]",,120444.0,1.0,880065.0
59,NZ_CP091518.1,"NZ_CP091518.1 Kingella kingae strain 4177/66 chromosome, complete genome",73663,0.443618,2006534,1963870,504,Bacteria,Proteobacteria,Betaproteobacteria,Neisseriales,Neisseriaceae,73664,963799,"[73664, 963799)","[1, 73664)","[963799, 2006534]",,116328.0,1.0,189814.0
60,NZ_CP091510.1,"NZ_CP091510.1 Neisseria arctica strain KH1503 chromosome, complete genome",15884,0.500035,2378218,2021316,1470200,Bacteria,Proteobacteria,Betaproteobacteria,Neisseriales,Neisseriaceae,15885,1205077,"[15885, 1205077)","[1, 15885)","[1205077, 2378218]",,372787.0,1.0,356105.5
61,NZ_CP091512.1,"NZ_CP091512.1 Vitreoscilla stercoraria strain SAG 1488-6 chromosome, complete genome",-26863,0.485958,2631212,511976,61,Bacteria,Proteobacteria,Betaproteobacteria,Neisseriales,Neisseriaceae,2604350,1251797,"[1, 1251797)","[1251797, 2604350)",,"[2604350, 2631212]",538838.0,1.0,264476.0
62,NZ_CP091515.1,"NZ_CP091515.1 Snodgrassella alvi wkB2 chromosome, complete genome",916864,0.511106,2573624,1241629,1196094,Bacteria,Proteobacteria,Betaproteobacteria,Neisseriales,Neisseriaceae,916865,2232260,"[916865, 2232260)","[1, 916865)","[2232260, 2573624]",,324764.0,1.0,284507.0
63,NZ_CP091509.1,"NZ_CP091509.1 Neisseria dumasiana strain LMG 30012 chromosome, complete genome",36090,0.501059,2679562,289744,1931275,Bacteria,Proteobacteria,Betaproteobacteria,Neisseriales,Neisseriaceae,36091,1378710,"[36091, 1378710)","[1, 36091)","[1378710, 2679562]",,253653.0,0.75,452915.5
64,NZ_CP091508.1,"NZ_CP091508.1 Uruburuella testudinis strain CCUG 63373m chromosome, complete genome",98701,0.531347,2949122,399751,1282863,Bacteria,Proteobacteria,Betaproteobacteria,Neisseriales,Neisseriaceae,98702,1665709,"[98702, 1665709)","[1, 98702)","[1665709, 2949122]",,301049.0,1.0,418389.0
65,NZ_CP091511.1,"NZ_CP091511.1 Vitreoscilla massiliensis strain SN4 chromosome, complete genome",1727336,0.479788,3727720,1058598,1689272,Bacteria,Proteobacteria,Betaproteobacteria,Neisseriales,Neisseriaceae,1727337,3515852,"[1727337, 3515852)","[1, 1727337)","[3515852, 3727720]",,668739.0,1.0,317340.0
66,NZ_CP038499.1,"NZ_CP038499.1 Dickeya dianthicola strain LAR.16.03.LID chromosome, complete genome",-76453,0.51039,4976210,1,204039,Bacteria,Proteobacteria,Gammaproteobacteria,Enterobacterales,Pectobacteriaceae,4899758,2463356,"[1, 2463356)","[2463356, 4899758)",,"[4899758, 4976210]",76453.0,1.0,348208.0
67,NZ_CP087272.1,"NZ_CP087272.1 Klebsiella pneumoniae strain ATCC BAA 2146 chromosome, complete genome",30117,0.441276,5436560,1,573,Bacteria,Proteobacteria,Gammaproteobacteria,Enterobacterales,Enterobacteriaceae,30118,2429141,"[30118, 2429141)","[1, 30118)","[2429141, 5436560]",,30117.0,1.0,373409.0
68,NZ_CP087111.1,"NZ_CP087111.1 Pseudomonas palleroniana strain X49 chromosome, complete genome",2433668,0.504693,6367330,2381254,191390,Bacteria,Proteobacteria,Gammaproteobacteria,Pseudomonadales,Pseudomonadaceae,2433669,5647216,"[2433669, 5647216)","[1, 2433669)","[5647216, 6367330]",,52415.0,1.0,890151.0
69,NZ_CP084261.1,"NZ_CP084261.1 Caballeronia sp. SL2Y3 chromosome 2, complete sequence",1283,0.539173,1226493,-1,2878151,Bacteria,Proteobacteria,Betaproteobacteria,Burkholderiales,Burkholderiaceae,1284,662576,"[1284, 662576)","[1, 1284)","[662576, 1226493]",,1285.0,1.0,156841.0
70,NZ_CP091516.1,"NZ_CP091516.1 Kingella potus strain 3/SID/1128 chromosome, complete genome",-223550,0.58036,2402619,2402462,265175,Bacteria,Proteobacteria,Betaproteobacteria,Neisseriales,Neisseriaceae,2179070,1170835,"[1, 1170835)","[1170835, 2179070)",,"[2179070, 2402619]",223392.0,0.75,411372.5
71,NZ_CP091519.1,"NZ_CP091519.1 Alysiella crassa strain S6 chromosome, complete genome",374665,0.438003,2868815,847318,153491,Bacteria,Proteobacteria,Betaproteobacteria,Neisseriales,Neisseriaceae,374666,1631216,"[374666, 1631216)","[1, 374666)","[1631216, 2868815]",,472652.0,1.0,447550.0
72,NZ_CP084265.1,"NZ_CP084265.1 Caballeronia sp. Lep1P3 chromosome 1, complete sequence",34583,0.485361,3096936,1,2878150,Bacteria,Proteobacteria,Betaproteobacteria,Burkholderiales,Burkholderiaceae,34584,1537716,"[34584, 1537716)","[1, 34584)","[1537716, 3096936]",,34583.0,1.0,410142.5
73,NZ_CP084260.1,"NZ_CP084260.1 Caballeronia sp. SL2Y3 chromosome 1, complete sequence",33801,0.491667,2839231,1,2878151,Bacteria,Proteobacteria,Betaproteobacteria,Burkholderiales,Burkholderiaceae,33802,1429758,"[33802, 1429758)","[1, 33802)","[1429758, 2839231]",,33801.0,1.0,462152.5
74,NZ_CP095020.1,"NZ_CP095020.1 Mycobacterium tuberculosis strain SGF0232017 chromosome, complete genome",-95382,0.500945,4413075,1,1773,Bacteria,Terrabacteria group,Actinobacteria,Actinomycetia,Corynebacteriales,4317694,2115327,"[1, 2115327)","[2115327, 4317694)",,"[4317694, 4413075]",95382.0,1.0,1567215.0
75,NZ_CP095022.1,"NZ_CP095022.1 Mycobacterium tuberculosis strain SGF0472017 chromosome, complete genome",-96904,0.499618,4417236,1,1773,Bacteria,Terrabacteria group,Actinobacteria,Actinomycetia,Corynebacteriales,4320333,2110028,"[1, 2110028)","[2110028, 4320333)",,"[4320333, 4417236]",96904.0,1.0,1568607.0
76,NZ_CP095023.1,"NZ_CP095023.1 Mycobacterium tuberculosis strain SGF0702019 chromosome, complete genome",-108768,0.505354,4419328,1,1773,Bacteria,Terrabacteria group,Actinobacteria,Actinomycetia,Corynebacteriales,4310561,2124558,"[1, 2124558)","[2124558, 4310561)",,"[4310561, 4419328]",108768.0,1.0,1582418.0
77,NZ_CP095021.1,"NZ_CP095021.1 Mycobacterium tuberculosis strain SGF0422017 chromosome, complete genome",-112055,0.506035,4402589,1,1773,Bacteria,Terrabacteria group,Actinobacteria,Actinomycetia,Corynebacteriales,4290535,2115810,"[1, 2115810)","[2115810, 4290535)",,"[4290535, 4402589]",112055.0,1.0,1585114.0
78,NZ_CP084272.1,"NZ_CP084272.1 Caballeronia grimmiae strain Lep1A1 chromosome 2, complete sequence",-15273,0.522363,1226196,-1,1071679,Bacteria,Proteobacteria,Betaproteobacteria,Burkholderiales,Burkholderiaceae,1210924,625247,"[1, 625247)","[625247, 1210924)",,"[1210924, 1226196]",15271.0,1.0,163923.0
79,NZ_CP084266.1,"NZ_CP084266.1 Caballeronia sp. Lep1P3 chromosome 2, complete sequence",-23228,0.524777,1331436,-1,2878150,Bacteria,Proteobacteria,Betaproteobacteria,Burkholderiales,Burkholderiaceae,1308209,675480,"[1, 675480)","[675480, 1308209)",,"[1308209, 1331436]",23226.0,1.0,183273.0
80,NZ_CP084284.1,"NZ_CP084284.1 Caballeronia zhejiangensis strain A33_M4_a chromosome 2, complete sequence",11440,0.524491,1407958,-1,871203,Bacteria,Proteobacteria,Betaproteobacteria,Burkholderiales,Burkholderiaceae,11441,749902,"[11441, 749902)","[1, 11441)","[749902, 1407958]",,11442.0,1.0,239912.0
81,NZ_CP084283.1,"NZ_CP084283.1 Caballeronia zhejiangensis strain A33_M4_a chromosome 1, complete sequence",-117905,0.537617,3035510,1,871203,Bacteria,Proteobacteria,Betaproteobacteria,Burkholderiales,Burkholderiaceae,2917606,1514038,"[1, 1514038)","[1514038, 2917606)",,"[2917606, 3035510]",117905.0,1.0,343481.0
82,NZ_CP084271.1,"NZ_CP084271.1 Caballeronia grimmiae strain Lep1A1 chromosome 1, complete sequence",18494,0.482437,2870353,2869713,1071679,Bacteria,Proteobacteria,Betaproteobacteria,Burkholderiales,Burkholderiaceae,18495,1403259,"[18495, 1403259)","[1, 18495)","[1403259, 2870353]",,19135.0,1.0,372600.0
83,NZ_CP095072.1,"NZ_CP095072.1 Gracilibacillus sp. SSWR10-1 chromosome, complete genome",1227491,0.498373,4509958,1157915,2932256,Bacteria,Terrabacteria group,Firmicutes,Bacilli,Bacillales,1227492,3475133,"[1227492, 3475133)","[1, 1227492)","[3475133, 4509958]",,69577.0,1.0,284751.0
84,NZ_CP095086.1,"NZ_CP095086.1 Escherichia coli isolate EC5654 chromosome, complete genome",-46062,0.488382,5205883,1,562,Bacteria,Proteobacteria,Gammaproteobacteria,Enterobacterales,Enterobacteriaceae,5159822,2496399,"[1, 2496399)","[2496399, 5159822)",,"[5159822, 5205883]",46062.0,1.0,307642.0
85,NZ_CP095083.1,"NZ_CP095083.1 Escherichia coli strain EC6868 chromosome, complete genome",-81301,0.498322,5252651,1,562,Bacteria,Proteobacteria,Gammaproteobacteria,Enterobacterales,Enterobacteriaceae,5171351,2536212,"[1, 2536212)","[2536212, 5171351)",,"[5171351, 5252651]",81301.0,0.8571428571428571,244715.0
86,NZ_CP095090.1,"NZ_CP095090.1 Staphylococcus epidermidis strain SKN25lux chromosome, complete genome",51643,0.535354,2539081,1,1282,Bacteria,Terrabacteria group,Firmicutes,Bacilli,Bacillales,51644,1410951,"[51644, 1410951)","[1, 51644)","[1410951, 2539081]",,51643.0,1.0,494243.0
87,NZ_CP095043.1,"NZ_CP095043.1 Leucobacter sp. H25R-14 chromosome, complete genome",-1165387,0.487161,3337833,2145732,2932245,Bacteria,Terrabacteria group,Actinobacteria,Actinomycetia,Micrococcales,2172447,460676,"[1, 460676)","[460676, 2172447)",,"[2172447, 3337833]",26715.0,1.0,1060683.5
88,NZ_CP095045.1,"NZ_CP095045.1 Leucobacter sp. H21R-40 chromosome, complete genome",-244221,0.485246,3562127,3368346,2932247,Bacteria,Terrabacteria group,Actinobacteria,Actinomycetia,Micrococcales,3317907,1484288,"[1, 1484288)","[1484288, 3317907)",,"[3317907, 3562127]",50439.0,1.0,868174.0
89,NZ_CP095044.1,"NZ_CP095044.1 Leucobacter sp. H21R-36 chromosome, complete genome",-130761,0.463199,3655911,3454194,2932246,Bacteria,Terrabacteria group,Actinobacteria,Actinomycetia,Micrococcales,3525151,1562654,"[1, 1562654)","[1562654, 3525151)",,"[3525151, 3655911]",70957.0,1.0,775432.0
90,NZ_CP095058.1,"NZ_CP095058.1 Hymenobacter sp. 5516J-16 chromosome, complete genome",-2230950,0.491883,4537762,1265071,2932253,Bacteria,FCB group,Bacteroidetes/Chlorobi group,Bacteroidota,Cytophagia,2306813,1099,"[1, 1099)","[1099, 2306813)",,"[2306813, 4537762]",1041742.0,1.0,610428.0
91,NZ_CP095073.1,"NZ_CP095073.1 Halobacillus sp. SSBR10-3 chromosome, complete genome",395006,0.50625,4240227,342621,2932257,Bacteria,Terrabacteria group,Firmicutes,Bacilli,Bacillales,395007,2541622,"[395007, 2541622)","[1, 395007)","[2541622, 4240227]",,52386.0,1.0,233302.0
92,NZ_CP095088.1,"NZ_CP095088.1 Escherichia coli isolate w264 chromosome, complete genome",34836,0.498415,4699927,1,562,Bacteria,Proteobacteria,Gammaproteobacteria,Enterobacterales,Enterobacteriaceae,34837,2377351,"[34837, 2377351)","[1, 34837)","[2377351, 4699927]",,34836.0,1.0,358074.0
93,NZ_CP095071.1,"NZ_CP095071.1 Gracilibacillus sp. SSPM10-3 chromosome, complete genome",-1925349,0.511304,4801262,2940693,2932255,Bacteria,Terrabacteria group,Firmicutes,Bacilli,Bacillales,2875914,529556,"[1, 529556)","[529556, 2875914)",,"[2875914, 4801262]",64779.0,1.0,346125.0
94,NZ_CP095046.1,"NZ_CP095046.1 Hymenobacter sp. 5116S-3 chromosome, complete genome",1000783,0.509517,5832455,5458269,2932248,Bacteria,FCB group,Bacteroidetes/Chlorobi group,Bacteroidota,Cytophagia,1000784,3972519,"[1000784, 3972519)","[1, 1000784)","[3972519, 5832455]",,1374970.0,1.0,670636.0
95,NZ_CP095049.1,"NZ_CP095049.1 Hymenobacter sp. 5116S-27 chromosome, complete genome",1218533,0.491521,6101665,5793167,2932249,Bacteria,FCB group,Bacteroidetes/Chlorobi group,Bacteroidota,Cytophagia,1218534,4217630,"[1218534, 4217630)","[1, 1218534)","[4217630, 6101665]",,1527032.0,1.0,580081.0
96,NZ_CP094054.1,"NZ_CP094054.1 Helicobacter pylori strain Hpfe125 chromosome, complete genome",1608,0.491812,1553666,1,210,Bacteria,Proteobacteria,delta/epsilon subdivisions,Epsilonproteobacteria,Campylobacterales,1609,765721,"[1609, 765721)","[1, 1609)","[765721, 1553666]",,1608.0,1.0,215660.0
97,NZ_CP094052.1,"NZ_CP094052.1 Helicobacter pylori strain Hpfe126 chromosome, complete genome",-32081,0.473267,1619619,1,210,Bacteria,Proteobacteria,delta/epsilon subdivisions,Epsilonproteobacteria,Campylobacterales,1587539,734432,"[1, 734432)","[734432, 1587539)",,"[1587539, 1619619]",32081.0,1.0,264506.0
98,NZ_CP094051.1,"NZ_CP094051.1 Helicobacter pylori strain Hpfe127 chromosome, complete genome",-3895,0.457693,1577654,1,210,Bacteria,Proteobacteria,delta/epsilon subdivisions,Epsilonproteobacteria,Campylobacterales,1573760,718187,"[1, 718187)","[718187, 1573760)",,"[1573760, 1577654]",3895.0,1.0,232892.0
99,NZ_CP095075.1,"NZ_CP095075.1 Halobacillus sp. SSHM10-5 chromosome, complete genome",-1373793,0.481286,4154096,-1,2932259,Bacteria,Terrabacteria group,Firmicutes,Bacilli,Bacillales,2780304,625516,"[1, 625516)","[625516, 2780304)",,"[2780304, 4154096]",1373791.0,1.0,417108.5
100,NZ_CP095091.1,"NZ_CP095091.1 Acinetobacter baumannii strain AB4451 chromosome, complete genome",1558,0.549501,3921432,1,470,Bacteria,Proteobacteria,Gammaproteobacteria,Moraxellales,Moraxellaceae,1559,2156390,"[1559, 2156390)","[1, 1559)","[2156390, 3921432]",,1558.0,1.0,345225.0
101,NZ_CP095074.1,"NZ_CP095074.1 Halobacillus sp. SSTM10-2 chromosome, complete genome",2328552,0.532916,4887024,2387340,2932258,Bacteria,Terrabacteria group,Firmicutes,Bacilli,Bacillales,2328553,45902,"[1, 45902)","[45902, 2328553)",,"[2328553, 4887024]",58787.0,1.0,438206.0
102,NZ_CP087266.1,"NZ_CP087266.1 Aeromonas veronii strain HD6448 chromosome, complete genome",-30327,0.486271,5069243,1,654,Bacteria,Proteobacteria,Gammaproteobacteria,Aeromonadales,Aeromonadaceae,5038917,2434700,"[1, 2434700)","[2434700, 5038917)",,"[5038917, 5069243]",30327.0,1.0,307008.5
103,NZ_CP095121.1,"NZ_CP095121.1 Klebsiella pneumoniae strain KP1601 chromosome, complete genome",27146,0.489617,5236643,1,573,Bacteria,Proteobacteria,Gammaproteobacteria,Enterobacterales,Enterobacteriaceae,27147,2591096,"[27147, 2591096)","[1, 27147)","[2591096, 5236643]",,27146.0,1.0,400469.5
104,NZ_CP095053.1,"NZ_CP095053.1 Hymenobacter sp. 5413J-13 chromosome, complete genome",-838557,0.488644,5140524,213552,2932251,Bacteria,FCB group,Bacteroidetes/Chlorobi group,Bacteroidota,Cytophagia,4301968,1673330,"[1, 1673330)","[1673330, 4301968)",,"[4301968, 5140524]",1052108.0,1.0,688339.0
105,NZ_CP095061.1,"NZ_CP095061.1 Hymenobacter sp. 5420S-77 chromosome, complete genome",93768,0.473365,5309761,4021834,2932254,Bacteria,FCB group,Bacteroidetes/Chlorobi group,Bacteroidota,Cytophagia,93769,2607224,"[93769, 2607224)","[1, 93769)","[2607224, 5309761]",,1381696.0,0.6666666666666666,499401.0
106,NZ_CP094059.1,"NZ_CP094059.1 Helicobacter pylori strain Hpfe122 chromosome, complete genome",-27531,0.475559,1559658,1,210,Bacteria,Proteobacteria,delta/epsilon subdivisions,Epsilonproteobacteria,Campylobacterales,1532128,714179,"[1, 714179)","[714179, 1532128)",,"[1532128, 1559658]",27531.0,1.0,246681.5
107,NZ_CP094062.1,"NZ_CP094062.1 Helicobacter pylori strain Hpfe118 chromosome, complete genome",985,0.504292,1637344,1,210,Bacteria,Proteobacteria,delta/epsilon subdivisions,Epsilonproteobacteria,Campylobacterales,986,826685,"[986, 826685)","[1, 986)","[826685, 1637344]",,985.0,1.0,243029.5
108,NZ_CP094063.1,"NZ_CP094063.1 Helicobacter pylori strain Hpfe115 chromosome, complete genome",-4357,0.485965,1618822,1,210,Bacteria,Proteobacteria,delta/epsilon subdivisions,Epsilonproteobacteria,Campylobacterales,1614466,782335,"[1, 782335)","[782335, 1614466)",,"[1614466, 1618822]",4357.0,1.0,223037.5
109,NZ_CP094066.1,"NZ_CP094066.1 Helicobacter pylori strain Hpfe110 chromosome, complete genome",777,0.366132,1664141,1,210,Bacteria,Proteobacteria,delta/epsilon subdivisions,Epsilonproteobacteria,Campylobacterales,778,610073,"[778, 610073)","[1, 778)","[610073, 1664141]",,777.0,1.0,224735.5
110,NZ_CP094067.1,"NZ_CP094067.1 Helicobacter pylori strain Hpfe108 chromosome, complete genome",-18136,0.492291,1572442,1,210,Bacteria,Proteobacteria,delta/epsilon subdivisions,Epsilonproteobacteria,Campylobacterales,1554307,755964,"[1, 755964)","[755964, 1554307)",,"[1554307, 1572442]",18136.0,1.0,242024.5
111,NZ_CP094056.1,"NZ_CP094056.1 Helicobacter pylori strain Hpfe124 chromosome, complete genome",-19831,0.487563,1548937,1,210,Bacteria,Proteobacteria,delta/epsilon subdivisions,Epsilonproteobacteria,Campylobacterales,1529107,735374,"[1, 735374)","[735374, 1529107)",,"[1529107, 1548937]",19831.0,1.0,242963.0
112,NZ_CP094064.1,"NZ_CP094064.1 Helicobacter pylori strain Hpfe114 chromosome, complete genome",-13693,0.472264,1557497,1,210,Bacteria,Proteobacteria,delta/epsilon subdivisions,Epsilonproteobacteria,Campylobacterales,1543805,721858,"[1, 721858)","[721858, 1543805)",,"[1543805, 1557497]",13693.0,1.0,238902.5
113,NZ_CP094061.1,"NZ_CP094061.1 Helicobacter pylori strain Hpfe120 chromosome, complete genome",-27739,0.516666,1609747,1,210,Bacteria,Proteobacteria,delta/epsilon subdivisions,Epsilonproteobacteria,Campylobacterales,1582009,803964,"[1, 803964)","[803964, 1582009)",,"[1582009, 1609747]",27739.0,1.0,250970.5
114,NZ_CP094058.1,"NZ_CP094058.1 Helicobacter pylori strain Hpfe123 chromosome, complete genome",-19162,0.60269,1615067,1,210,Bacteria,Proteobacteria,delta/epsilon subdivisions,Epsilonproteobacteria,Campylobacterales,1595906,954224,"[1, 954224)","[954224, 1595906)",,"[1595906, 1615067]",19162.0,1.0,239889.5
115,NZ_CP094065.1,"NZ_CP094065.1 Helicobacter pylori strain Hpfe112 chromosome, complete genome",-210960,0.600275,1644006,1,210,Bacteria,Proteobacteria,delta/epsilon subdivisions,Epsilonproteobacteria,Campylobacterales,1433047,775897,"[1, 775897)","[775897, 1433047)",,"[1433047, 1644006]",210960.0,1.0,438267.0
116,NZ_CP094073.1,"NZ_CP094073.1 Helicobacter pylori strain Hpfe104 chromosome, complete genome",-49929,0.339555,1574423,1,210,Bacteria,Proteobacteria,delta/epsilon subdivisions,Epsilonproteobacteria,Campylobacterales,1524495,484675,"[1, 484675)","[484675, 1524495)",,"[1524495, 1574423]",49929.0,1.0,181528.0
117,NZ_CP094079.1,"NZ_CP094079.1 Helicobacter pylori strain Hpfe100 chromosome, complete genome",-21841,0.46573,1555853,1,210,Bacteria,Proteobacteria,delta/epsilon subdivisions,Epsilonproteobacteria,Campylobacterales,1534013,702767,"[1, 702767)","[702767, 1534013)",,"[1534013, 1555853]",21841.0,1.0,243059.0
118,NZ_CP094071.1,"NZ_CP094071.1 Helicobacter pylori strain Hpfe106 chromosome, complete genome",-9553,0.515381,1590901,1,210,Bacteria,Proteobacteria,delta/epsilon subdivisions,Epsilonproteobacteria,Campylobacterales,1581349,810368,"[1, 810368)","[810368, 1581349)",,"[1581349, 1590901]",9553.0,1.0,249998.0
119,NZ_CP094070.1,"NZ_CP094070.1 Helicobacter pylori strain Hpfe107 chromosome, complete genome",1160,0.485368,1620834,1,210,Bacteria,Proteobacteria,delta/epsilon subdivisions,Epsilonproteobacteria,Campylobacterales,1161,787862,"[1161, 787862)","[1, 1161)","[787862, 1620834]",,1160.0,1.0,196604.5
120,NZ_CP094083.1,"NZ_CP094083.1 Helicobacter pylori strain Hpfe096 chromosome, complete genome",-16724,0.457954,1560973,1,210,Bacteria,Proteobacteria,delta/epsilon subdivisions,Epsilonproteobacteria,Campylobacterales,1544250,698131,"[1, 698131)","[698131, 1544250)",,"[1544250, 1560973]",16724.0,1.0,244344.5
121,NZ_CP094078.1,"NZ_CP094078.1 Helicobacter pylori strain Hpfe101 chromosome, complete genome",-17560,0.475232,1572518,1,210,Bacteria,Proteobacteria,delta/epsilon subdivisions,Epsilonproteobacteria,Campylobacterales,1554959,729752,"[1, 729752)","[729752, 1554959)",,"[1554959, 1572518]",17560.0,1.0,239896.5
122,NZ_CP094080.1,"NZ_CP094080.1 Helicobacter pylori strain Hpfe099 chromosome, complete genome",-23689,0.523692,1642596,1,210,Bacteria,Proteobacteria,delta/epsilon subdivisions,Epsilonproteobacteria,Campylobacterales,1618908,836526,"[1, 836526)","[836526, 1618908)",,"[1618908, 1642596]",23689.0,1.0,268496.5
123,NZ_CP094076.1,"NZ_CP094076.1 Helicobacter pylori strain Hpfe102 chromosome, complete genome",-19532,0.469739,1607514,1,210,Bacteria,Proteobacteria,delta/epsilon subdivisions,Epsilonproteobacteria,Campylobacterales,1587983,735581,"[1, 735581)","[735581, 1587983)",,"[1587983, 1607514]",19532.0,1.0,241376.5
124,NZ_CP094074.1,"NZ_CP094074.1 Helicobacter pylori strain Hpfe103 chromosome, complete genome",-3436,0.501559,1597926,1,210,Bacteria,Proteobacteria,delta/epsilon subdivisions,Epsilonproteobacteria,Campylobacterales,1594491,798019,"[1, 798019)","[798019, 1594491)",,"[1594491, 1597926]",3436.0,1.0,223881.5
125,NZ_CP094082.1,"NZ_CP094082.1 Helicobacter pylori strain Hpfe097 chromosome, complete genome",-26161,0.549516,1640210,1,210,Bacteria,Proteobacteria,delta/epsilon subdivisions,Epsilonproteobacteria,Campylobacterales,1614050,875162,"[1, 875162)","[875162, 1614050)",,"[1614050, 1640210]",26161.0,1.0,268855.0
126,NZ_CP094085.1,"NZ_CP094085.1 Helicobacter pylori strain Hpfe095 chromosome, complete genome",1884,0.542612,1598615,1,210,Bacteria,Proteobacteria,delta/epsilon subdivisions,Epsilonproteobacteria,Campylobacterales,1885,869313,"[1885, 869313)","[1, 1885)","[869313, 1598615]",,1884.0,1.0,235841.5
127,NZ_CP094092.1,"NZ_CP094092.1 Helicobacter pylori strain Hpfe086 chromosome, complete genome",-13302,0.488834,1588501,1,210,Bacteria,Proteobacteria,delta/epsilon subdivisions,Epsilonproteobacteria,Campylobacterales,1575200,763212,"[1, 763212)","[763212, 1575200)",,"[1575200, 1588501]",13302.0,1.0,238671.0
128,NZ_CP094087.1,"NZ_CP094087.1 Helicobacter pylori strain Hpfe093 chromosome, complete genome",-5500,0.47884,1604123,1,210,Bacteria,Proteobacteria,delta/epsilon subdivisions,Epsilonproteobacteria,Campylobacterales,1598624,762619,"[1, 762619)","[762619, 1598624)",,"[1598624, 1604123]",5500.0,1.0,229993.0
129,NZ_CP094093.1,"NZ_CP094093.1 Helicobacter pylori strain Hpfe085 chromosome, complete genome",-2304,0.445405,1574427,1,210,Bacteria,Proteobacteria,delta/epsilon subdivisions,Epsilonproteobacteria,Campylobacterales,1572124,698955,"[1, 698955)","[698955, 1572124)",,"[1572124, 1574427]",2304.0,1.0,225028.5
130,NZ_CP094094.1,"NZ_CP094094.1 Helicobacter pylori strain Hpfe084 chromosome, complete genome",14299,0.50699,1629885,1,210,Bacteria,Proteobacteria,delta/epsilon subdivisions,Epsilonproteobacteria,Campylobacterales,14300,840635,"[14300, 840635)","[1, 14300)","[840635, 1629885]",,14299.0,1.0,244445.0
131,NZ_CP094098.1,"NZ_CP094098.1 Helicobacter pylori strain Hpfe081 chromosome, complete genome",68,0.483192,1573285,1,210,Bacteria,Proteobacteria,delta/epsilon subdivisions,Epsilonproteobacteria,Campylobacterales,69,760268,"[69, 760268)","[1, 69)","[760268, 1573285]",,68.0,1.0,215136.5
132,NZ_CP094090.1,"NZ_CP094090.1 Helicobacter pylori strain Hpfe089 chromosome, complete genome",-18000,0.493483,1625566,1,210,Bacteria,Proteobacteria,delta/epsilon subdivisions,Epsilonproteobacteria,Campylobacterales,1607567,784190,"[1, 784190)","[784190, 1607567)",,"[1607567, 1625566]",18000.0,1.0,239201.5
133,NZ_CP094095.1,"NZ_CP094095.1 Helicobacter pylori strain Hpfe083 chromosome, complete genome",-22787,0.473255,1577171,1,210,Bacteria,Proteobacteria,delta/epsilon subdivisions,Epsilonproteobacteria,Campylobacterales,1554385,723618,"[1, 723618)","[723618, 1554385)",,"[1554385, 1577171]",22787.0,1.0,248479.0
134,NZ_CP094091.1,"NZ_CP094091.1 Helicobacter pylori strain Hpfe088 chromosome, complete genome",-13556,0.460002,1558457,1,210,Bacteria,Proteobacteria,delta/epsilon subdivisions,Epsilonproteobacteria,Campylobacterales,1544902,703338,"[1, 703338)","[703338, 1544902)",,"[1544902, 1558457]",13556.0,1.0,237672.0
135,NZ_CP094088.1,"NZ_CP094088.1 Helicobacter pylori strain Hpfe092 chromosome, complete genome",-28198,0.524803,1620254,1,210,Bacteria,Proteobacteria,delta/epsilon subdivisions,Epsilonproteobacteria,Campylobacterales,1592057,822117,"[1, 822117)","[822117, 1592057)",,"[1592057, 1620254]",28198.0,1.0,274299.5
136,NZ_CP094105.1,"NZ_CP094105.1 Helicobacter pylori strain Hpfe076 chromosome, complete genome",-18232,0.521066,1573038,1,210,Bacteria,Proteobacteria,delta/epsilon subdivisions,Epsilonproteobacteria,Campylobacterales,1554807,801426,"[1, 801426)","[801426, 1554807)",,"[1554807, 1573038]",18232.0,1.0,243823.5
137,NZ_CP094111.1,"NZ_CP094111.1 Helicobacter pylori strain Hpfe070 chromosome, complete genome",-28675,0.541772,1580055,1,210,Bacteria,Proteobacteria,delta/epsilon subdivisions,Epsilonproteobacteria,Campylobacterales,1551381,827356,"[1, 827356)","[827356, 1551381)",,"[1551381, 1580055]",28675.0,1.0,251890.5
138,NZ_CP094099.1,"NZ_CP094099.1 Helicobacter pylori strain Hpfe080 chromosome, complete genome",-33131,0.531761,1563023,1,210,Bacteria,Proteobacteria,delta/epsilon subdivisions,Epsilonproteobacteria,Campylobacterales,1529893,798025,"[1, 798025)","[798025, 1529893)",,"[1529893, 1563023]",33131.0,1.0,257009.0
139,NZ_CP094110.1,"NZ_CP094110.1 Helicobacter pylori strain Hpfe071 chromosome, complete genome",-6780,0.476547,1618642,1,210,Bacteria,Proteobacteria,delta/epsilon subdivisions,Epsilonproteobacteria,Campylobacterales,1611863,764580,"[1, 764580)","[764580, 1611863)",,"[1611863, 1618642]",6780.0,1.0,229007.0
140,NZ_CP094102.1,"NZ_CP094102.1 Helicobacter pylori strain Hpfe078 chromosome, complete genome",-67352,0.486073,1609465,1,210,Bacteria,Proteobacteria,delta/epsilon subdivisions,Epsilonproteobacteria,Campylobacterales,1542114,714966,"[1, 714966)","[714966, 1542114)",,"[1542114, 1609465]",67352.0,1.0,296065.0
141,NZ_CP094107.1,"NZ_CP094107.1 Helicobacter pylori strain Hpfe074 chromosome, complete genome",-15253,0.469602,1602782,1,210,Bacteria,Proteobacteria,delta/epsilon subdivisions,Epsilonproteobacteria,Campylobacterales,1587530,737418,"[1, 737418)","[737418, 1587530)",,"[1587530, 1602782]",15253.0,1.0,239771.0
142,NZ_CP094106.1,"NZ_CP094106.1 Helicobacter pylori strain Hpfe075 chromosome, complete genome",-21455,0.497664,1652403,1,210,Bacteria,Proteobacteria,delta/epsilon subdivisions,Epsilonproteobacteria,Campylobacterales,1630949,800887,"[1, 800887)","[800887, 1630949)",,"[1630949, 1652403]",21455.0,1.0,269984.5
143,NZ_CP094096.1,"NZ_CP094096.1 Helicobacter pylori strain Hpfe082 chromosome, complete genome",3027,0.474638,1613587,1,210,Bacteria,Proteobacteria,delta/epsilon subdivisions,Epsilonproteobacteria,Campylobacterales,3028,768898,"[3028, 768898)","[1, 3028)","[768898, 1613587]",,3027.0,1.0,219567.5
144,NZ_CP094101.1,"NZ_CP094101.1 Helicobacter pylori strain Hpfe079 chromosome, complete genome",-19050,0.484666,1622212,1,210,Bacteria,Proteobacteria,delta/epsilon subdivisions,Epsilonproteobacteria,Campylobacterales,1603163,767182,"[1, 767182)","[767182, 1603163)",,"[1603163, 1622212]",19050.0,1.0,241842.5
145,NZ_CP094109.1,"NZ_CP094109.1 Helicobacter pylori strain Hpfe072 chromosome, complete genome",-18610,0.495389,1610657,1,210,Bacteria,Proteobacteria,delta/epsilon subdivisions,Epsilonproteobacteria,Campylobacterales,1592048,779293,"[1, 779293)","[779293, 1592048)",,"[1592048, 1610657]",18610.0,1.0,243548.5
146,NZ_CP094116.1,"NZ_CP094116.1 Helicobacter pylori strain Hpfe066 chromosome, complete genome",-34687,0.520801,1586298,1,210,Bacteria,Proteobacteria,delta/epsilon subdivisions,Epsilonproteobacteria,Campylobacterales,1551612,791460,"[1, 791460)","[791460, 1551612)",,"[1551612, 1586298]",34687.0,1.0,256988.0
147,NZ_CP094178.1,"NZ_CP094178.1 Helicobacter pylori strain Hpfe060 chromosome, complete genome",-10244,0.50499,1576165,1,210,Bacteria,Proteobacteria,delta/epsilon subdivisions,Epsilonproteobacteria,Campylobacterales,1565922,785705,"[1, 785705)","[785705, 1565922)",,"[1565922, 1576165]",10244.0,1.0,237975.0
148,NZ_CP094121.1,"NZ_CP094121.1 Helicobacter pylori strain Hpfe059 chromosome, complete genome",-18904,0.480279,1588132,1,210,Bacteria,Proteobacteria,delta/epsilon subdivisions,Epsilonproteobacteria,Campylobacterales,1569229,743843,"[1, 743843)","[743843, 1569229)",,"[1569229, 1588132]",18904.0,1.0,243625.5
149,NZ_CP094113.1,"NZ_CP094113.1 Helicobacter pylori strain Hpfe069 chromosome, complete genome",-29586,0.541514,1580143,1,210,Bacteria,Proteobacteria,delta/epsilon subdivisions,Epsilonproteobacteria,Campylobacterales,1550558,826085,"[1, 826085)","[826085, 1550558)",,"[1550558, 1580143]",29586.0,1.0,252797.5
150,NZ_CP094115.1,"NZ_CP094115.1 Helicobacter pylori strain Hpfe068 chromosome, complete genome",-4023,0.493949,1566752,1,210,Bacteria,Proteobacteria,delta/epsilon subdivisions,Epsilonproteobacteria,Campylobacterales,1562730,769874,"[1, 769874)","[769874, 1562730)",,"[1562730, 1566752]",4023.0,1.0,227809.0
151,NZ_CP094175.1,"NZ_CP094175.1 Helicobacter pylori strain Hpfe063 chromosome, complete genome",-38802,0.461607,1604984,1,210,Bacteria,Proteobacteria,delta/epsilon subdivisions,Epsilonproteobacteria,Campylobacterales,1566183,702071,"[1, 702071)","[702071, 1566183)",,"[1566183, 1604984]",38802.0,1.0,264826.0
152,NZ_CP094119.1,"NZ_CP094119.1 Helicobacter pylori strain Hpfe064 chromosome, complete genome",971,0.52269,1615759,1,210,Bacteria,Proteobacteria,delta/epsilon subdivisions,Epsilonproteobacteria,Campylobacterales,972,845513,"[972, 845513)","[1, 972)","[845513, 1615759]",,971.0,1.0,190948.0
153,NZ_CP094177.1,"NZ_CP094177.1 Helicobacter pylori strain Hpfe062 chromosome, complete genome",-12291,0.498926,1560533,1,210,Bacteria,Proteobacteria,delta/epsilon subdivisions,Epsilonproteobacteria,Campylobacterales,1548243,766300,"[1, 766300)","[766300, 1548243)",,"[1548243, 1560533]",12291.0,1.0,236467.0
154,NZ_CP094120.1,"NZ_CP094120.1 Helicobacter pylori strain Hpfe061 chromosome, complete genome",-40915,0.503971,1613184,1,210,Bacteria,Proteobacteria,delta/epsilon subdivisions,Epsilonproteobacteria,Campylobacterales,1572270,772084,"[1, 772084)","[772084, 1572270)",,"[1572270, 1613184]",40915.0,1.0,287506.0
155,NZ_CP094117.1,"NZ_CP094117.1 Helicobacter pylori strain Hpfe065 chromosome, complete genome",-14450,0.453354,1568329,1,210,Bacteria,Proteobacteria,delta/epsilon subdivisions,Epsilonproteobacteria,Campylobacterales,1553880,696559,"[1, 696559)","[696559, 1553880)",,"[1553880, 1568329]",14450.0,1.0,238339.0
156,NZ_CP094131.1,"NZ_CP094131.1 Helicobacter pylori strain Hpfe052 chromosome, complete genome",-13338,0.474683,1560057,1,210,Bacteria,Proteobacteria,delta/epsilon subdivisions,Epsilonproteobacteria,Campylobacterales,1546720,727196,"[1, 727196)","[727196, 1546720)",,"[1546720, 1560057]",13338.0,1.0,236354.0
157,NZ_CP094126.1,"NZ_CP094126.1 Helicobacter pylori strain Hpfe056 chromosome, complete genome",-17757,0.493354,1645556,1,210,Bacteria,Proteobacteria,delta/epsilon subdivisions,Epsilonproteobacteria,Campylobacterales,1627800,794086,"[1, 794086)","[794086, 1627800)",,"[1627800, 1645556]",17757.0,1.0,251429.5
158,NZ_CP094133.1,"NZ_CP094133.1 Helicobacter pylori strain Hpfe049 chromosome, complete genome",-33451,0.477152,1613079,1,210,Bacteria,Proteobacteria,delta/epsilon subdivisions,Epsilonproteobacteria,Campylobacterales,1579629,736234,"[1, 736234)","[736234, 1579629)",,"[1579629, 1613079]",33451.0,1.0,253451.0
159,NZ_CP094129.1,"NZ_CP094129.1 Helicobacter pylori strain Hpfe054 chromosome, complete genome",-4365,0.454725,1563077,1,210,Bacteria,Proteobacteria,delta/epsilon subdivisions,Epsilonproteobacteria,Campylobacterales,1558713,706406,"[1, 706406)","[706406, 1558713)",,"[1558713, 1563077]",4365.0,1.0,228665.5
160,NZ_CP094128.1,"NZ_CP094128.1 Helicobacter pylori strain Hpfe055 chromosome, complete genome",-19826,0.526186,1572907,1,210,Bacteria,Proteobacteria,delta/epsilon subdivisions,Epsilonproteobacteria,Campylobacterales,1553082,807817,"[1, 807817)","[807817, 1553082)",,"[1553082, 1572907]",19826.0,1.0,247721.5
161,NZ_CP094132.1,"NZ_CP094132.1 Helicobacter pylori strain Hpfe051 chromosome, complete genome",-15722,0.451314,1616175,1,210,Bacteria,Proteobacteria,delta/epsilon subdivisions,Epsilonproteobacteria,Campylobacterales,1600454,713681,"[1, 713681)","[713681, 1600454)",,"[1600454, 1616175]",15722.0,1.0,240507.0
162,NZ_CP094130.1,"NZ_CP094130.1 Helicobacter pylori strain Hpfe053 chromosome, complete genome",744460,0.469927,1617069,725334,210,Bacteria,Proteobacteria,delta/epsilon subdivisions,Epsilonproteobacteria,Campylobacterales,744461,1504365,"[744461, 1504365)","[1, 744461)","[1504365, 1617069]",,19127.0,1.0,266510.5
163,NZ_CP094124.1,"NZ_CP094124.1 Helicobacter pylori strain Hpfe057 chromosome, complete genome",-9808,0.527125,1577940,1,210,Bacteria,Proteobacteria,delta/epsilon subdivisions,Epsilonproteobacteria,Campylobacterales,1568133,821965,"[1, 821965)","[821965, 1568133)",,"[1568133, 1577940]",9808.0,1.0,234467.0
164,NZ_CP094134.1,"NZ_CP094134.1 Helicobacter pylori strain Hpfe048 chromosome, complete genome",-13229,0.474689,1613193,1,210,Bacteria,Proteobacteria,delta/epsilon subdivisions,Epsilonproteobacteria,Campylobacterales,1599965,752537,"[1, 752537)","[752537, 1599965)",,"[1599965, 1613193]",13229.0,1.0,237272.5
165,NZ_CP094122.1,"NZ_CP094122.1 Helicobacter pylori strain Hpfe058 chromosome, complete genome",-31956,0.49531,1615881,1,210,Bacteria,Proteobacteria,delta/epsilon subdivisions,Epsilonproteobacteria,Campylobacterales,1583926,768407,"[1, 768407)","[768407, 1583926)",,"[1583926, 1615881]",31956.0,1.0,257216.0
166,NZ_CP094142.1,"NZ_CP094142.1 Helicobacter pylori strain Hpfe033 chromosome, complete genome",-17269,0.522361,1559351,1,210,Bacteria,Proteobacteria,delta/epsilon subdivisions,Epsilonproteobacteria,Campylobacterales,1542083,797276,"[1, 797276)","[797276, 1542083)",,"[1542083, 1559351]",17269.0,1.0,235913.0
167,NZ_CP094139.1,"NZ_CP094139.1 Helicobacter pylori strain Hpfe036 chromosome, complete genome",-20034,0.501924,1561929,1,210,Bacteria,Proteobacteria,delta/epsilon subdivisions,Epsilonproteobacteria,Campylobacterales,1541896,763937,"[1, 763937)","[763937, 1541896)",,"[1541896, 1561929]",20034.0,1.0,242006.0
168,NZ_CP094144.1,"NZ_CP094144.1 Helicobacter pylori strain Hpfe029 chromosome, complete genome",-33196,0.474744,1569932,1,210,Bacteria,Proteobacteria,delta/epsilon subdivisions,Epsilonproteobacteria,Campylobacterales,1536737,712121,"[1, 712121)","[712121, 1536737)",,"[1536737, 1569932]",33196.0,1.0,257578.5
169,NZ_CP094138.1,"NZ_CP094138.1 Helicobacter pylori strain Hpfe037 chromosome, complete genome",-18249,0.474998,1596714,1,210,Bacteria,Proteobacteria,delta/epsilon subdivisions,Epsilonproteobacteria,Campylobacterales,1578466,740188,"[1, 740188)","[740188, 1578466)",,"[1578466, 1596714]",18249.0,1.0,239993.0
170,NZ_CP094145.1,"NZ_CP094145.1 Helicobacter pylori strain Hpfe028 chromosome, complete genome",-39127,0.47916,1559487,1,210,Bacteria,Proteobacteria,delta/epsilon subdivisions,Epsilonproteobacteria,Campylobacterales,1520361,708118,"[1, 708118)","[708118, 1520361)",,"[1520361, 1559487]",39127.0,1.0,261480.0
171,NZ_CP094140.1,"NZ_CP094140.1 Helicobacter pylori strain Hpfe035 chromosome, complete genome",-17172,0.510444,1594447,1,210,Bacteria,Proteobacteria,delta/epsilon subdivisions,Epsilonproteobacteria,Campylobacterales,1577276,796705,"[1, 796705)","[796705, 1577276)",,"[1577276, 1594447]",17172.0,1.0,236400.5
172,NZ_CP094136.1,"NZ_CP094136.1 Helicobacter pylori strain Hpfe039 chromosome, complete genome",-29079,0.49289,1626225,1,210,Bacteria,Proteobacteria,delta/epsilon subdivisions,Epsilonproteobacteria,Campylobacterales,1597147,772472,"[1, 772472)","[772472, 1597147)",,"[1597147, 1626225]",29079.0,1.0,255586.0
173,NZ_CP094135.1,"NZ_CP094135.1 Helicobacter pylori strain Hpfe040 chromosome, complete genome",-13636,0.477353,1566720,1,210,Bacteria,Proteobacteria,delta/epsilon subdivisions,Epsilonproteobacteria,Campylobacterales,1553085,734243,"[1, 734243)","[734243, 1553085)",,"[1553085, 1566720]",13636.0,1.0,236016.5
174,NZ_CP094137.1,"NZ_CP094137.1 Helicobacter pylori strain Hpfe038 chromosome, complete genome",-19436,0.4997,1576311,1,210,Bacteria,Proteobacteria,delta/epsilon subdivisions,Epsilonproteobacteria,Campylobacterales,1556876,768248,"[1, 768248)","[768248, 1556876)",,"[1556876, 1576311]",19436.0,1.0,241374.5
175,NZ_CP094143.1,"NZ_CP094143.1 Helicobacter pylori strain Hpfe032 chromosome, complete genome",-14637,0.475947,1626208,1,210,Bacteria,Proteobacteria,delta/epsilon subdivisions,Epsilonproteobacteria,Campylobacterales,1611572,759353,"[1, 759353)","[759353, 1611572)",,"[1611572, 1626208]",14637.0,1.0,244685.5
176,NZ_CP094157.1,"NZ_CP094157.1 Helicobacter pylori strain Hpfe0021 chromosome, complete genome",16195,0.50851,1615406,1,210,Bacteria,Proteobacteria,delta/epsilon subdivisions,Epsilonproteobacteria,Campylobacterales,16196,837646,"[16196, 837646)","[1, 16196)","[837646, 1615406]",,16195.0,1.0,172929.5
177,NZ_CP094153.1,"NZ_CP094153.1 Helicobacter pylori strain Hpfe010 chromosome, complete genome",-16948,0.49025,1576565,1,210,Bacteria,Proteobacteria,delta/epsilon subdivisions,Epsilonproteobacteria,Campylobacterales,1559618,755964,"[1, 755964)","[755964, 1559618)",,"[1559618, 1576565]",16948.0,1.0,240297.0
178,NZ_CP094147.1,"NZ_CP094147.1 Helicobacter pylori strain Hpfe027 chromosome, complete genome",-26182,0.486354,1581641,1,210,Bacteria,Proteobacteria,delta/epsilon subdivisions,Epsilonproteobacteria,Campylobacterales,1555460,743056,"[1, 743056)","[743056, 1555460)",,"[1555460, 1581641]",26182.0,1.0,267407.0
179,NZ_CP094159.1,"NZ_CP094159.1 Helicobacter pylori strain Hpfe0020 chromosome, complete genome",-14133,0.522313,1576979,1,210,Bacteria,Proteobacteria,delta/epsilon subdivisions,Epsilonproteobacteria,Campylobacterales,1562847,809545,"[1, 809545)","[809545, 1562847)",,"[1562847, 1576979]",14133.0,1.0,230298.5
180,NZ_CP094149.1,"NZ_CP094149.1 Helicobacter pylori strain Hpfe023 chromosome, complete genome",-23182,0.533857,1608055,1,210,Bacteria,Proteobacteria,delta/epsilon subdivisions,Epsilonproteobacteria,Campylobacterales,1584874,835290,"[1, 835290)","[835290, 1584874)",,"[1584874, 1608055]",23182.0,1.0,247381.5
181,NZ_CP094151.1,"NZ_CP094151.1 Helicobacter pylori strain Hpfe019 chromosome, complete genome",-57532,0.473178,1652425,1,210,Bacteria,Proteobacteria,delta/epsilon subdivisions,Epsilonproteobacteria,Campylobacterales,1594894,724360,"[1, 724360)","[724360, 1594894)",,"[1594894, 1652425]",57532.0,1.0,283269.0
182,NZ_CP094148.1,"NZ_CP094148.1 Helicobacter pylori strain Hpfe024 chromosome, complete genome",-36017,0.504019,1595544,1,210,Bacteria,Proteobacteria,delta/epsilon subdivisions,Epsilonproteobacteria,Campylobacterales,1559528,768168,"[1, 768168)","[768168, 1559528)",,"[1559528, 1595544]",36017.0,1.0,274625.5
183,NZ_CP094150.1,"NZ_CP094150.1 Helicobacter pylori strain Hpfe022 chromosome, complete genome",-6525,0.471412,1617424,1,210,Bacteria,Proteobacteria,delta/epsilon subdivisions,Epsilonproteobacteria,Campylobacterales,1610900,755949,"[1, 755949)","[755949, 1610900)",,"[1610900, 1617424]",6525.0,1.0,232377.0
184,NZ_CP094156.1,"NZ_CP094156.1 Helicobacter pylori strain Hpfe005 chromosome, complete genome",-6280,0.462141,1595693,1,210,Bacteria,Proteobacteria,delta/epsilon subdivisions,Epsilonproteobacteria,Campylobacterales,1589414,731156,"[1, 731156)","[731156, 1589414)",,"[1589414, 1595693]",6280.0,1.0,230052.5
185,NZ_CP094160.1,"NZ_CP094160.1 Helicobacter pylori strain Hpfe0016 chromosome, complete genome",754,0.551709,1564698,1,210,Bacteria,Proteobacteria,delta/epsilon subdivisions,Epsilonproteobacteria,Campylobacterales,755,864013,"[755, 864013)","[1, 755)","[864013, 1564698]",,754.0,1.0,214761.0
186,NZ_CP094171.1,"NZ_CP094171.1 Helicobacter pylori strain Hpfe0003 chromosome, complete genome",-15423,0.504054,1564611,1,210,Bacteria,Proteobacteria,delta/epsilon subdivisions,Epsilonproteobacteria,Campylobacterales,1549189,773226,"[1, 773226)","[773226, 1549189)",,"[1549189, 1564611]",15423.0,1.0,239106.0
187,NZ_CP094172.1,"NZ_CP094172.1 Helicobacter pylori strain Hpfe0002 chromosome, complete genome",-21216,0.480372,1615482,1,210,Bacteria,Proteobacteria,delta/epsilon subdivisions,Epsilonproteobacteria,Campylobacterales,1594267,754817,"[1, 754817)","[754817, 1594267)",,"[1594267, 1615482]",21216.0,1.0,244109.5
188,NZ_CP094167.1,"NZ_CP094167.1 Helicobacter pylori strain Hpfe0007 chromosome, complete genome",-20846,0.494949,1562287,1,210,Bacteria,Proteobacteria,delta/epsilon subdivisions,Epsilonproteobacteria,Campylobacterales,1541442,752407,"[1, 752407)","[752407, 1541442)",,"[1541442, 1562287]",20846.0,1.0,243012.5
189,NZ_CP094170.1,"NZ_CP094170.1 Helicobacter pylori strain Hpfe0004 chromosome, complete genome",-31663,0.534238,1560175,1,210,Bacteria,Proteobacteria,delta/epsilon subdivisions,Epsilonproteobacteria,Campylobacterales,1528513,801843,"[1, 801843)","[801843, 1528513)",,"[1528513, 1560175]",31663.0,1.0,253062.5
190,NZ_CP094165.1,"NZ_CP094165.1 Helicobacter pylori strain Hpfe0011 chromosome, complete genome",2009,0.574016,1621961,1,210,Bacteria,Proteobacteria,delta/epsilon subdivisions,Epsilonproteobacteria,Campylobacterales,2010,933042,"[2010, 933042)","[1, 2010)","[933042, 1621961]",,2009.0,1.0,216163.0
191,NZ_CP094161.1,"NZ_CP094161.1 Helicobacter pylori strain Hpfe0015 chromosome, complete genome",-20096,0.454849,1559326,1,210,Bacteria,Proteobacteria,delta/epsilon subdivisions,Epsilonproteobacteria,Campylobacterales,1539231,689163,"[1, 689163)","[689163, 1539231)",,"[1539231, 1559326]",20096.0,1.0,241937.5
192,NZ_CP094164.1,"NZ_CP094164.1 Helicobacter pylori strain Hpfe0012 chromosome, complete genome",-15466,0.479781,1627795,1,210,Bacteria,Proteobacteria,delta/epsilon subdivisions,Epsilonproteobacteria,Campylobacterales,1612330,765520,"[1, 765520)","[765520, 1612330)",,"[1612330, 1627795]",15466.0,1.0,238682.0
193,NZ_CP094168.1,"NZ_CP094168.1 Helicobacter pylori strain Hpfe0006 chromosome, complete genome",-34983,0.528758,1559682,1,210,Bacteria,Proteobacteria,delta/epsilon subdivisions,Epsilonproteobacteria,Campylobacterales,1524700,789712,"[1, 789712)","[789712, 1524700)",,"[1524700, 1559682]",34983.0,1.0,254510.0
194,NZ_CP094163.1,"NZ_CP094163.1 Helicobacter pylori strain Hpfe0013 chromosome, complete genome",-21507,0.544524,1613738,1,210,Bacteria,Proteobacteria,delta/epsilon subdivisions,Epsilonproteobacteria,Campylobacterales,1592232,857213,"[1, 857213)","[857213, 1592232)",,"[1592232, 1613738]",21507.0,1.0,263580.0
195,NZ_CP094173.1,"NZ_CP094173.1 Helicobacter pylori strain Hpfe0001 chromosome, complete genome",-37980,0.527565,1649958,1,210,Bacteria,Proteobacteria,delta/epsilon subdivisions,Epsilonproteobacteria,Campylobacterales,1611979,832481,"[1, 832481)","[832481, 1611979)",,"[1611979, 1649958]",37980.0,1.0,296859.5
196,NZ_CP090007.1,"NZ_CP090007.1 Streptococcus salivarius strain SALI-10 chromosome, complete genome",-966680,0.499047,2096968,1120967,1304,Bacteria,Terrabacteria group,Firmicutes,Bacilli,Lactobacillales,1130289,79807,"[1, 79807)","[79807, 1130289)",,"[1130289, 2096968]",9322.0,1.0,149893.0
